x0,x1,x2,x3,x4,x5,x6,x7,x8,x9,x10,x11,x12,class,constraint
1.518612540989146,-0.5622497983286238,0.23205254099474307,-1.1695931750229027,1.9139052175708113,0.8089973946320398,1.0348189581307363,-0.6595631143050643,1.2248839840604535,0.2517168498188536,0.3621772757786109,1.8479195665066517,1.0130089267476907,0,0
0.24628962701505472,-0.4994133781369057,-0.8279963232661993,-2.4908471410952195,0.018145020611759512,0.5686476623890726,0.7336289414294697,-0.8207192355765833,-0.5447209874470055,-0.2933213287130475,0.40605066293567693,1.1134493025258219,0.9652415206686003,0,0
0.19687902841412025,0.0212312463087581,1.109334359693453,-0.26873819815541344,0.08835836123987255,0.8089973946320398,1.2155329681514961,-0.4984069930335457,2.135967731767264,0.2690196491373267,0.31830388862154485,0.7885874549958394,1.3951481753804136,0,0
1.6915496360924187,-0.3468106433855905,0.4879264047818665,-0.8092511842759069,0.930918448777229,2.491445520332811,1.466524648735885,-0.9818753568481025,1.032154729737859,1.1860680130163985,-0.42754369304857714,1.1840714432932098,2.3345738282691912,0,0
0.2957002256159914,0.22769376979583172,1.8404025419423795,0.45194578333857716,1.281985151917794,0.8089973946320398,0.663351270865841,0.22679555268828971,0.4014044428639132,-0.3192755276907569,0.3621772757786109,0.44960117931237975,-0.03787400699229761,0,0
1.481554592038443,-0.5173666410488251,0.3051593592196357,-1.289707171938568,0.8607051081491158,1.562093222326671,1.3661279765021292,-0.17609475049050752,0.6642170623947238,0.731869530906481,0.40605066293567693,0.33660575408455967,2.2390390161110103,0,0
1.7162549353928882,-0.41862369503326813,0.3051593592196357,-1.4698781673120658,-0.2627083419006926,0.3282979301461055,0.49267692806845687,-0.4984069930335457,0.6817379036967778,0.08301455646374147,0.27443050146447884,1.367689009288417,1.7295200179340462,0,0
1.30861749693517,-0.16727801426639605,0.8900139050187752,-0.5690231904445764,1.4926251738021332,0.4885310849747505,0.4826372608450811,-0.4178289323977861,-0.5972835113531677,-0.003499440128623882,0.44992405009274294,1.367689009288417,1.7454424866270764,0,0
2.2597715200031785,-0.625086218520342,-0.7183360959288612,-1.6500491626855633,-0.19249500127257957,0.8089973946320398,0.9545016203437319,-0.5789850536693052,0.6817379036967778,0.06138605731565023,0.5376708244068751,0.33660575408455967,0.9493190519755701,0,0
1.061564503930491,-0.8854085307431737,-0.35280200480439805,-1.0494791781072375,-0.12228166064446655,1.0974170733236008,1.125175963141116,-1.1430314781196214,0.45396696677007536,0.9351774228985393,0.23055711430741282,1.325315724827984,0.9493190519755701,0,0
1.3580280955361046,-0.15830138281043613,-0.2431417774670599,-0.4489091935289116,0.36921172375232464,1.0493471268750076,1.2958503059385003,-1.1430314781196214,1.3825715557789395,0.29929954794465463,1.2835184060769966,0.7885874549958394,2.4301086404273717,0,0
1.3827333948365716,-0.7687123218156975,-0.17003495924216724,-0.8092511842759069,-0.33292168252880566,-0.1524015343398288,0.40231992305807707,-0.8207192355765833,-0.03661658968743804,-0.02512793927671512,0.9325313088204683,0.29423246962412686,1.697675080547986,0,0
0.925685357777919,-0.5442965354167043,0.15894572276985044,-1.0494791781072375,-0.7542017262974838,0.4885310849747505,0.7336289414294697,-0.5789850536693052,0.38388360156185913,0.23441405050038053,0.8447845345063363,0.40722789485194694,1.825054830092227,0,0
2.160950322801307,-0.5442965354167043,0.0858389045449578,-2.430790142637387,-0.6137750450412578,1.289696859117975,1.6673179932033955,0.5491077952313275,2.135967731767264,0.14790005390801558,1.2835184060769966,0.16711261624282955,1.2836908945292027,0,0
1.7039022857426547,-0.41862369503326813,0.04928549543251067,-2.250619147263889,0.15857170186798558,1.6101631687752642,1.6171196570865178,-0.5789850536693052,2.3987803512980745,1.0562970181278508,1.0641514702916663,0.5484721763867221,2.5479349087557948,0,0
0.7774535619751135,-0.4724834837690265,1.2189945870307928,-0.6891371873602422,0.8607051081491158,0.8891139720463627,0.8842239497801032,-0.4984069930335457,-0.22934584401003275,0.9697830215354855,1.4151385675481947,0.37897903854499193,1.7932098927061668,0,0
1.6050810885407834,-0.37374053775346966,1.2921014052556856,0.1516607910494142,1.42241183317402,0.8089973946320398,1.1151362959177407,-0.25667281112626705,0.6642170623947238,0.4939560402774766,0.493797437249809,0.054117191015009475,1.697675080547986,0,0
1.0245065549797903,-0.6879226387120598,0.9265673141312223,0.1516607910494142,1.0713451300334549,1.0493471268750076,1.3761676437255046,0.3073736133240493,0.22619602984337253,0.6669840334622069,0.7570377601922043,-0.05887823421281061,1.2200010197570823,0,0
1.4692019423882092,-0.6699693758001404,0.4148195865569739,-0.899336681962656,0.5798517456366638,1.6101631687752642,1.9082700065644087,-0.3372508717620266,0.4714878080721294,1.575380997682042,1.1957716317628646,0.29423246962412686,2.971472575990396,0,0
0.7898062116253471,0.6855019740497778,0.7072468594565444,-1.289707171938568,1.141558470661568,0.6487642398033955,1.0046999564606094,-1.5459217812984185,0.12107098203104814,0.01812905901946736,0.011190178522082662,1.0569515899119117,0.3124203042543651,0,0
1.30861749693517,-0.6340628499763017,-0.3162485956919525,-1.0494791781072375,1.8436918769426982,1.1294637042893299,1.1452552975878671,-0.9818753568481025,0.8919879993214266,0.2560425496484722,0.5815442115639411,1.5513065752836244,0.10542821124497352,0,0
-0.08723191354125955,1.313866175966958,1.0362275414685604,-0.26873819815541344,0.15857170186798558,0.18408809080032534,0.382240588611326,-0.9012972962123429,0.6817379036967778,-0.2414129307576283,0.31830388862154485,1.282942440367552,0.07358327385891326,0,0
0.8762747591769846,-0.42760032648922786,-0.023821322792381968,-0.8693081827337393,0.08835836123987255,0.5045544004576147,0.8541049481099763,-0.7401411749408239,0.17363350593721033,-0.5442119188309068,0.6692909858780731,1.960914991734472,0.9174741145895099,0,0
-0.1860531107431307,-0.6609927443441806,0.5610332230067592,-0.508966191986744,-0.33292168252880566,0.2962512991803765,0.34208191971782376,-0.8207192355765833,-0.22934584401003275,-0.4879778210458693,0.5815442115639411,1.4383111500558043,0.8537842398173894,0,0
0.6168691165220721,-0.4724834837690265,0.8900139050187752,0.1516607910494142,-0.2627083419006926,0.37636787659469867,0.5830339330788366,-0.6595631143050643,0.12107098203104814,-0.6653315140602182,0.7131643730351391,1.7066752849718767,0.3124203042543651,0,0
0.060999882261548254,-0.2570443288259934,3.1197718608779996,1.653085752495229,1.7032651956864722,0.5366010314233437,0.6533116036424657,0.8714200377743652,0.5766128558844534,-0.6393773150825085,0.7570377601922043,0.8309607394562722,0.26465289817527476,0,0
0.48098997036950003,-0.5083900095928654,0.9265673141312223,-1.0194506788783209,-0.4733483637850317,0.8891139720463627,0.9143429514502296,-0.17609475049050752,-0.2468666853120868,-0.11164193586908047,-0.16430337010618098,0.8592095957632273,1.426993112766474,0,0
0.3698161235173953,-0.553273166872664,-0.8279963232661993,-0.7491941858180745,-0.4031350231569187,0.1680647753174605,0.1613679096970638,-0.7401411749408239,-0.4220750983326271,-0.47932642138663273,0.27443050146447884,0.2236103288567396,1.713597549241016,0,0
1.0739171535807246,-0.3916938006653891,1.5845286781552543,-0.02851020432408396,0.5096384050085507,1.0493471268750076,0.9444619531203565,0.06563943141677064,0.2962793950515888,-0.2414129307576283,1.2835184060769966,1.1134493025258219,0.5353348659567869,0,0
1.2592068983342333,-0.589179692696503,-0.5721224594790759,-1.0494791781072375,-0.2627083419006926,0.5686476623890726,0.30192325082432153,-0.8207192355765833,0.6817379036967778,-0.15489893416526296,0.3621772757786109,1.3818134374418942,0.9174741145895099,0,0
0.9009800584774519,-0.7507590589037779,1.2189945870307928,0.9023732717723215,0.08835836123987255,1.1294637042893299,1.2255726353748715,-0.5789850536693052,1.3825715557789395,0.2776710487965634,1.0202780831346003,0.13886375993587455,1.713597549241016,0,1
0.7156903137239432,-0.6071329556084225,-0.023821322792381968,-0.11859570201083199,0.4394250643804377,0.9051372875292268,1.1653346320346183,-1.1430314781196214,0.6291753797906157,0.7967550283507551,0.5815442115639411,0.37897903854499193,2.446031109120402,0,1
0.8392168102262816,-0.45453022085710704,-0.023821322792381968,-0.6891371873602422,0.2989983831242116,0.2001114062831895,0.663351270865841,0.4685297345955679,0.6642170623947238,-0.5269091195124338,1.1957716317628646,0.36485461039151473,0.7741718963522388,0,0
0.9380380074281527,-0.7238291645358987,1.2189945870307928,0.00151829490483276,2.2649719207113765,1.0493471268750076,0.713549606982719,1.1131542196816437,-0.4220750983326271,0.14790005390801558,1.2835184060769966,0.5484721763867221,1.554372862310715,0,0
0.6292217661723056,-0.4814601152249862,1.0362275414685604,-0.1486242012397487,0.7202784268928898,0.08794819790313835,0.5027165952918322,-0.5789850536693052,-0.08917911359360023,-0.37118392564617614,0.6254175987210071,0.36485461039151473,1.1085437389058714,0,0
0.5921638172216048,-0.4724834837690265,0.15894572276985044,0.3018032871939957,0.018145020611759512,0.6487642398033955,0.9545016203437319,-0.8207192355765833,0.4714878080721294,0.01812905901946736,0.3621772757786109,1.2123202996001647,0.551257334649817,0,0
0.34511082421692585,-0.625086218520342,1.7307423146050398,-1.1996216742518189,0.7202784268928898,0.4885310849747505,0.6533116036424657,-0.17609475049050752,-0.404554257030573,-0.19815593246144583,0.5815442115639411,0.2377347570102168,0.423877585105576,0,0
0.060999882261548254,-0.6161095870643822,0.6706934503440973,-0.4489091935289116,-0.12228166064446655,0.24818135273178335,0.40231992305807707,-0.5789850536693052,-0.2643875266141409,-0.3495554264980849,0.7131643730351391,-0.14362480313367568,1.1403886762919317,0,0
0.5056952696699673,1.349772701790797,-0.901103141491092,-0.2086811996975811,-0.6839883856693708,0.24818135273178335,0.6533116036424657,-0.7401411749408239,-0.1943041614059246,-0.33657832700923,-0.208176757263247,0.5484721763867221,0.9174741145895099,0,0
1.0862698032309606,-0.40067043212134884,0.8169070867938826,-1.3497641703964005,0.08835836123987255,1.530046591360942,1.5368023192995135,-1.5459217812984185,0.19115434723926442,0.1608771533968701,-0.3397969187344451,1.339440152981462,1.1085437389058714,0,0
0.2957002256159914,1.4754455421742334,-0.2796951865795054,-0.5990516896734931,0.2287850424960986,0.5526243469062085,0.6031132675255877,-0.3372508717620266,0.12107098203104814,-0.30197272837228384,-0.6030372416768413,0.5484721763867221,-0.21302116261562898,0,0
0.060999882261548254,-0.5083900095928654,-0.9742099597159847,-0.7491941858180745,0.5096384050085507,1.1294637042893299,0.974580954790483,-0.6595631143050643,0.7693421102070478,-0.007825139958242053,-0.3397969187344451,1.0428271617584346,0.43980005379860615,0,0
1.4939072416886787,1.5293053309099918,0.2686059501071886,-0.17865270046866544,0.7904917675210028,0.8891139720463627,0.6231926019723388,-0.4984069930335457,-0.5972835113531677,0.0786888566341233,-0.38367030589151113,1.0145783054514796,1.060776332826781,0,0
1.7039022857426547,1.125356915391804,-0.3162485956919525,-1.0494791781072375,0.15857170186798558,1.530046591360942,1.1452552975878671,-0.7401411749408239,1.0496755710399128,-0.06838493757289761,0.3621772757786109,1.169947015139732,1.0130089267476907,0,0
1.1109751025314278,-0.589179692696503,-0.901103141491092,-1.0494791781072375,0.08835836123987255,1.289696859117975,1.3661279765021292,-1.223609538755381,0.9620713645296428,0.45069904198129374,-0.208176757263247,1.0145783054514796,0.7582494276592087,0,0
1.3580280955361046,-0.28397422319387233,0.1223923136574033,-0.2086811996975811,0.2287850424960986,0.7288808172177177,0.8942636170034786,-0.3372508717620266,1.3825715557789395,0.4939560402774766,0.493797437249809,0.1953614725497846,0.9970864580546606,0,0
0.060999882261548254,-0.5442965354167043,-1.1935304143906627,-2.130505150348224,-0.5435617044131448,0.6808108707691245,1.2456519698216226,-1.5459217812984185,2.3111761447878045,0.926526023239303,0.7131643730351391,0.42135232300542474,1.2836908945292027,0,0
1.0245065549797903,-0.6161095870643822,0.8534604959063297,-0.6891371873602422,-0.4031350231569187,0.24818135273178335,0.9645412875671077,-1.1430314781196214,1.2248839840604535,0.23441405050038053,1.2396450189199306,1.0710760180653895,1.6499076744688956,0,0
1.0121539053295565,-0.5263432725047849,0.19549913188229595,-1.6500491626855633,0.7904917675210028,2.5395154667814044,1.7175163293202735,-0.3372508717620266,0.4890086493741835,0.8616405257950288,0.23055711430741282,0.9157073083771367,1.4110706440734437,0,0
0.9503906570783863,-0.3916938006653891,1.1458877688059002,-0.7191656865891578,1.0713451300334549,1.1294637042893299,0.7637479430995966,0.22679555268828971,0.15611266463515627,0.5372130385736591,0.7570377601922043,0.44960117931237975,2.000201985715558,0,1
0.6909850144234759,-0.5442965354167043,0.3417127683320812,0.3018032871939957,1.141558470661568,1.0653704423578718,0.7537082758762208,-1.30418759939114,1.5052174448933184,0.5155845394255678,0.09893695283621472,0.5908454608471543,1.188156082371022,0,0
1.5062598913389122,-0.5712264297845836,-0.2431417774670599,-0.9593936804204884,1.281985151917794,1.4499300139466198,0.974580954790483,-0.8207192355765833,0.7693421102070478,0.5718186372106052,-0.0765565957920494,0.9863294491445246,0.7104820215801183,0,0
0.3574634738671595,-0.328857380473671,1.1458877688059002,-0.8092511842759069,0.15857170186798558,1.1294637042893299,1.2054933009281206,-0.4178289323977861,0.12107098203104814,0.4074420436851112,0.493797437249809,0.32248132593108186,1.6658301431619258,0,0
0.8886274088272182,-0.8135954790954961,0.4879264047818665,-0.8392796835048236,0.5798517456366638,1.770396323603909,1.6472386587566443,-1.3847656600268996,0.7868629515091022,0.7534980300545723,-0.29592353157737905,0.36485461039151473,1.713597549241016,0,0
-0.7789802939543575,-1.2534504204375225,-3.6791622340370096,-2.6710181364687173,-0.8244150669255969,-0.5049144749628478,-1.4650581804897744,-0.6595631143050643,-2.051513339423654,-1.3444663873102856,0.40605066293567693,-1.1182103457236228,-0.722540160792593,1,0
-0.828390892555292,-1.109824317142167,-0.3162485956919525,-1.0494791781072375,0.08835836123987255,-0.3927512665827967,-0.942995484874246,2.1606690079465167,-2.069034180725708,-0.7734740098006747,1.2835184060769966,-1.3300767680257852,-0.21302116261562898,1,0
-0.4454587533980411,-0.876431899287214,-1.2666372326155553,-0.8092511842759069,0.018145020611759512,-0.4408212130313898,-0.6217261337262288,1.3548884015889224,-1.7010965133825728,0.29929954794465463,0.09893695283621472,-1.443072193253605,-0.9454547224950147,1,0
0.826864160576048,-0.9751748453027711,-1.6321713237400184,-0.4489091935289116,-0.4031350231569187,-0.3126346891684738,-0.2402187792379579,-0.3372508717620266,-1.5083672590599781,-0.5442119188309068,1.1957716317628646,-0.21424694390106291,-0.37224584954593026,1,0
-0.7789802939543575,-1.0828944227742878,-0.7548895050413067,-0.1486242012397487,-0.8946284075537099,1.9306294784325542,1.0749776270242386,-1.3847656600268996,0.4890086493741835,-0.26304142990571955,1.1518982446057984,0.36485461039151473,-1.0409895346531954,1,0
-1.0260332869590343,-0.7956422161835767,0.5975866321192046,-0.1486242012397487,0.2989983831242116,-0.6491243143086284,-0.2803774481314601,0.7102639165028465,-0.9827420199983568,-0.9118964043484591,2.160986149218316,-0.5391087914310454,-1.247981627662587,1,1
-0.7789802939543575,-1.01108137112661,0.7072468594565444,-0.4188806942999949,-0.12228166064446655,0.2001114062831895,0.6231926019723388,0.06563943141677064,0.8569463167173185,-0.19815593246144583,1.0202780831346003,-0.44023779435670307,-0.21939015009284105,1,0
-0.7789802939543575,-1.046987896950449,-1.6321713237400184,0.03154679413374948,-1.5265484732067272,-0.2966113736856097,-0.029385767547071496,-0.7401411749408239,-0.9652211786963026,-0.16355033382449968,0.7131643730351391,1.2264447277536419,-0.7543850981786533,1,0
0.4192267221183298,-1.2534504204375225,-0.023821322792381968,-0.7491941858180745,0.7202784268928898,0.37636787659469867,-0.7321624731833596,1.5160445228604413,-2.051513339423654,-0.8167310080968574,0.27443050146447884,-0.9628416360353703,0.009893399086792766,1,0
-0.9766226883580976,-1.0290346340385295,-2.253579278651605,-0.8092511842759069,3.5990253926455242,-0.713217576240086,-0.7522418076301107,-1.787655963205697,1.5928216514035884,-0.9551534026446418,1.4151385675481947,0.6473431734610643,-0.09201040054860003,1,0
-0.8778014911562286,-0.6520161128882209,-0.5721224594790759,0.271774787965079,0.2287850424960986,-1.9149662374549226,-1.0132731554378749,0.06563943141677064,-0.22934584401003275,-0.8686394060522766,-0.2257261121260734,-1.1182103457236228,0.3920326477195158,1,0
1.061564503930491,-0.7417824274478182,1.109334359693453,1.653085752495229,-0.9648417481818229,1.0493471268750076,0.8340256136632253,-1.223609538755381,0.4890086493741835,-0.7258913116748739,1.766125664804723,0.7744630268423622,-1.0728344720392557,1,1
-0.013116015639855648,-0.5981563241524628,0.8534604959063297,3.1545107139410433,2.7564653051081676,1.6101631687752642,0.8641446153333521,-1.223609538755381,0.6466962210926697,-0.7388684111637286,1.5467587290193927,1.254693584060597,0.7582494276592087,1,0
-1.2854389296139446,-1.1188009485981265,-0.2431417774670599,0.45194578333857716,0.08835836123987255,1.73834969263818,0.11116957358018625,-1.8682340238414565,0.10355014072899409,-0.7994282087783843,0.14281033999328074,0.7320897423819294,0.44298454753721217,1,0
-1.656018419120962,-0.40964706357730857,-1.6321713237400184,-1.0494791781072375,-0.19249500127257957,-1.0977771478288336,-0.46109145815221986,-0.17609475049050752,-0.7724919243737084,-0.5442119188309068,1.1957716317628646,-0.6662286448123427,-1.0155135847443473,1,0
0.036294582961078826,-1.2893569462613614,-2.3997929151013904,-1.0494791781072375,-0.9648417481818229,-0.5529844214114413,0.0007332341230549406,-0.9818753568481025,-0.22934584401003275,-0.19815593246144583,1.0202780831346003,-0.18599808759410788,-1.1301553593341642,1,0
-1.4336707254167524,0.49699271347462365,-0.4990156412541833,-0.4489091935289116,0.8607051081491158,-0.9215206775173245,-0.7120831387366084,0.5491077952313275,-1.1229087504147892,-1.0416673992370071,0.011190178522082662,-0.12950037498019784,-0.7862300355647135,1,0
-0.828390892555292,-1.2085672631577238,-1.5225110964026793,-1.4098211688542328,2.5458252832238286,-0.6331009988257639,-0.1799807758977046,-0.09551668985474843,2.048363525256993,-0.7172399120156373,0.44992405009274294,-0.42611336620322526,0.009893399086792766,1,0
-0.37134285549663937,1.3767025961586765,0.1223923136574033,1.052515767916903,0.08835836123987255,0.8570673410806336,0.5227959297385832,0.5491077952313275,0.6291753797906157,-1.0762729978739531,1.0202780831346003,0.7320897423819294,-0.9040563038931364,1,0
-1.2360283310130102,-1.271403683349442,-1.339744050840448,-0.1486242012397487,-0.9648417481818229,0.2001114062831895,0.23164558026069246,-0.4984069930335457,-0.28190836791619495,-1.106552896681281,1.853872439118854,0.7179653142284521,-1.493187645535251,1,0
-0.3466375561961699,-0.4724834837690265,-0.6086758685915215,-0.2086811996975811,-0.9648417481818229,-0.1524015343398288,0.5027165952918322,-0.8207192355765833,0.31380023635364285,-0.5009549205347241,0.8886579216634023,0.7462141705354072,-0.10474837550302414,1,0
-1.1372071338111391,-1.0828944227742878,0.524479813894312,1.3528007602060659,-1.5265484732067272,-0.47286784399711884,-0.4510517909288443,0.3073736133240493,-0.3344708918223571,-1.236323891569829,1.5467587290193927,0.15298818808935236,-0.37224584954593026,1,0
-1.4336707254167524,-1.298333577717321,0.780353677681437,-0.4489091935289116,-0.4031350231569187,-0.1524015343398288,0.1814472441438149,-1.1430314781196214,1.3300090318727777,-0.8686394060522766,-0.7346574031480388,0.6614676016145421,-0.722540160792593,1,1
-0.4084008044473402,-1.2175438946136836,-0.46246223214173615,-0.4489091935289116,-0.05206832001635352,-0.1524015343398288,-0.08962377088732482,-0.4984069930335457,-0.22934584401003275,-1.0546444987258619,1.1957716317628646,0.7744630268423622,-0.9454547224950147,1,0
-1.0383859366092678,-0.6520161128882209,-0.20658836835461275,0.9924587694590706,-0.6839883856693708,-0.8253807846201375,-0.34061545147171346,0.5491077952313275,-0.05413743098949211,-1.1281813958293723,1.6345055033335247,-0.49673550697061314,-0.8021525042577436,1,1
-1.6683710687711957,-0.5981563241524628,0.9265673141312223,1.9533707447843918,-0.8244150669255969,-0.6010543678600349,-0.42093278925871763,0.3073736133240493,-0.43959593963468113,-1.0632958983850984,1.766125664804723,0.8450851676097495,-0.5887914237711399,1,0
-1.6807237184214292,-0.24806769737003342,0.3417127683320812,0.6321167787120754,-1.105268429438049,-0.5529844214114413,-0.34061545147171346,0.9519980984101246,-0.4220750983326271,-0.9767819017927332,0.18668372715034678,0.1953614725497846,-0.21302116261562898,1,0
-1.1372071338111391,-0.9033617936550932,-0.2431417774670599,1.2326867632904013,-2.0882551982316313,-0.1524015343398288,-0.4410121237054688,0.4685297345955679,-0.36951257442646523,-1.4353060837322689,0.493797437249809,0.8450851676097495,-0.38816831823896036,1,0
-1.1372071338111391,-0.45453022085710704,-0.17003495924216724,-0.29876669738433015,-1.315908451322388,-1.1138004633116982,-0.5313691287158487,1.2743103409531629,0.08602929942694001,-1.1498098949774638,0.5376708244068751,-0.48261107881713533,-0.849919910336834,1,0
-1.2360283310130102,-0.7417824274478182,0.19549913188229595,0.7522307756277401,-0.9648417481818229,-1.3541501955546658,-0.7823608093002373,1.1131542196816437,0.06850845812488596,-0.6307259154232719,0.40605066293567693,0.054117191015009475,-0.9454547224950147,1,0
-0.38369550514687295,-0.7238291645358987,-0.38935541391684514,0.36186028565182804,-1.3861217919505011,-1.4663134039347172,-0.5715277976093509,1.7577787047677191,0.05098761682283228,-0.8686394060522766,0.011190178522082662,-0.7792240700401627,-0.8021525042577436,1,0
-0.8778014911562286,0.4431329247388653,-0.5355690503666288,-0.4489091935289116,-0.8244150669255969,0.24818135273178335,0.2216059130373171,-0.9012972962123429,0.6992587449988319,-1.2579523907179202,0.8447845345063363,0.9722050209910468,-1.4549737206719788,1,1
-1.7054290177218987,-0.31090411756175157,-0.3162485956919525,-0.4489091935289116,-0.12228166064446655,1.1615103352550589,0.23164558026069246,-1.5459217812984185,-0.4220750983326271,-0.7821254094599113,0.8886579216634023,0.491974463772812,-1.2798265650486473,1,0
-0.6554537974520169,-0.7328057959918585,-0.6086758685915215,-0.1486242012397487,4.371372139554768,0.3282979301461055,0.24168524748406822,-0.3372508717620266,2.959447272963804,-1.0632958983850984,0.8886579216634023,0.025868334708054455,0.6053937282061195,1,0
-1.4707286743674532,-0.19420790863427503,1.3652082234805782,0.6020882794831586,2.4053986019676024,-1.1138004633116982,-1.0433921571080016,-1.787655963205697,-0.05413743098949211,-1.106552896681281,-0.03268320863498337,-0.49673550697061314,-0.38816831823896036,1,0
-0.8778014911562286,-0.8315487420074156,-1.4128508690653405,-1.0494791781072375,-1.035055088809936,0.40841450756042763,0.4725975936217057,-0.5789850536693052,0.31380023635364285,-0.9335249034965505,1.1957716317628646,0.1812370443963074,-1.0155135847443473,1,0
-0.7789802939543575,-1.136754211510046,-0.9742099597159847,-0.29876669738433015,-0.8244150669255969,1.9626761093982832,1.7275559965436489,-0.9818753568481025,0.6291753797906157,-0.2414129307576283,0.3621772757786109,0.2236103288567396,-0.2767110373877495,1,0
-0.8778014911562286,0.7483383942414957,-0.5721224594790759,-0.4489091935289116,-0.8244150669255969,0.8891139720463627,0.9645412875671077,0.7102639165028465,2.135967731767264,-1.1930668932736463,2.029365987747118,0.30835689777760467,-1.0855724469936798,1,0
-1.1372071338111391,-0.23011443445811397,-2.4363463242138366,-0.5990516896734931,-0.19249500127257957,-0.10433158789123566,0.1412885752503127,-0.8207192355765833,-0.3344708918223571,-0.76049691031182,1.3712651803911287,0.491974463772812,-0.11748635045744824,1,0
-0.49486935199897775,-0.8943851621991334,-1.705278141964911,-0.29876669738433015,-0.8244150669255969,-1.3541501955546658,-0.6719244698431063,-0.5789850536693052,-0.4220750983326271,-1.1281813958293723,0.3621772757786109,0.2236103288567396,-0.5887914237711399,1,0
-0.8160382429050584,0.10202092941239588,0.3417127683320812,0.45194578333857716,-0.12228166064446655,0.42443782304329253,0.08105057191005936,-0.17609475049050752,-0.4921584635408433,-0.9767819017927332,-0.6907840159909728,1.085200446218867,-0.9836686473582871,1,0
-0.6060431988510825,-0.5442965354167043,-1.4128508690653405,0.3018032871939957,-1.035055088809936,-0.1524015343398288,-0.10970310533407593,-0.3372508717620266,-0.1943041614059246,-0.9162221041780775,0.3621772757786109,1.3535645811349393,-0.2384971125244772,1,0
-0.7172170457031872,0.1917872439719928,-0.35280200480439805,0.7522307756277401,-0.6839883856693708,-0.9856139394487825,-0.19002044312108013,2.4024031898537954,-0.299429209218249,-1.0200389000889156,-0.42754369304857714,0.9722050209910468,-1.375361377206828,1,0
-0.964270038707864,-0.9392683194789321,-1.5590645055151258,-0.1486242012397487,-0.5435617044131448,0.1039715133860025,0.010772901346430717,0.22679555268828971,0.8569463167173185,-1.0200389000889156,-0.42754369304857714,0.576721032693677,-1.3849148584226463,1,0
-1.7177816673721322,-0.8854085307431737,1.2189945870307928,0.1516607910494142,-0.4031350231569187,0.7128575017348535,0.8942636170034786,-0.5789850536693052,1.5753008101015347,-1.0416673992370071,0.011190178522082662,0.9157073083771367,-0.21302116261562898,1,0
-1.9030714121256387,1.2600063872312002,-1.9977054148644808,0.00151829490483276,0.5096384050085507,1.4178833829808908,0.5529149314087102,-0.9818753568481025,3.485072512025426,-0.9335249034965505,-0.910150951776303,0.28010804147064966,-0.5887914237711399,1,0
-0.5936905492008488,0.08406766650047642,-0.7183360959288612,0.45194578333857716,-0.8244150669255969,0.40841450756042763,0.24168524748406822,-0.8207192355765833,-0.6498460352593299,-1.3228378881621943,-0.25205014442031304,0.2377347570102168,-1.343516439820768,1,0
-1.5324919226186235,0.3084834528994695,2.02316958750461,0.1516607910494142,0.2287850424960986,-0.873450731068731,0.0007332341230549406,1.9189348260392383,-0.9477003373942486,-0.5442119188309068,1.1957716317628646,-0.15774923128715287,-0.44548920553386884,1,0
-1.964834660376809,-1.4329830495567168,0.4879264047818665,0.45194578333857716,-0.8244150669255969,0.2962512991803765,-0.019346100323696165,0.4685297345955679,-0.2643875266141409,-0.8556623065634217,0.6254175987210071,-0.42611336620322526,-0.9964066223127112,1,0
-1.1372071338111391,-0.849502004919335,0.4879264047818665,0.9023732717723215,-1.105268429438049,0.42443782304329253,0.2617645819308193,0.5491077952313275,-0.9652211786963026,-0.9335249034965505,-0.12042998294911494,0.8168363113027944,-1.1524468155044063,1,1
-2.4342353470856977,-0.7417824274478182,-0.6086758685915215,0.6020882794831586,-1.035055088809936,0.2642046682146475,0.1412885752503127,1.2743103409531629,0.7343004276029396,-1.3660948864583768,3.301694215302032,0.36485461039151473,-1.0823879532550738,1,0
-0.7172170457031872,-0.6520161128882209,-0.6452292777039685,0.9023732717723215,0.5798517456366638,-0.47286784399711884,0.060971237463308264,-0.17609475049050752,0.033466775520778216,-1.2968836891844846,0.44992405009274294,0.491974463772812,-1.2798265650486473,1,0
-0.28487430794500185,0.9817308120964487,-1.4128508690653405,-1.0494791781072375,-1.3861217919505011,-1.065730516863105,-0.7823608093002373,0.5491077952313275,-1.333158846039438,-0.7172399120156373,-1.1295178875616332,-0.6944775011192976,-1.1938452341062846,1,0
-1.2360283310130102,0.9817308120964487,-1.339744050840448,-0.1486242012397487,-0.8946284075537099,-0.47286784399711884,-0.3908137875885912,0.06563943141677064,0.4890086493741835,-1.634288275894709,-0.12042998294911494,0.6190943171541092,-0.5824224362939279,1,1
-1.9154240617758747,0.05713777213259703,0.19549913188229595,0.1516607910494142,-0.2627083419006926,0.9692305494606848,0.7637479430995966,-0.3372508717620266,0.41892528416596725,-0.7821254094599113,-0.6907840159909728,1.0993248743723447,-0.38816831823896036,1,1
-1.7795449156233003,-0.2570443288259934,3.1563252699904454,2.7040832255072993,1.3521984925459072,1.4178833829808908,3.0628317372525964,0.8714200377743652,0.4890086493741835,0.4074420436851112,-0.12042998294911494,1.5230577189766694,-0.8976873164159244,1,0
-0.7172170457031872,1.8793939576924206,1.328654814368131,2.103513240928973,0.15857170186798558,-0.1524015343398288,0.10112990635681048,0.5491077952313275,0.20867518854131847,-1.288232289525248,-0.16430337010618098,0.7179653142284521,-1.216136690276527,1,0
0.060999882261548254,3.109192467158903,-0.8645497323786465,0.6020882794831586,-0.9648417481818229,0.5205777159404795,0.6231926019723388,-0.4984069930335457,0.7343004276029396,-1.0632958983850984,-0.997897726090435,0.6897164579214972,-1.1683692841974365,1,0
-1.3966127764660516,1.7716743802209038,0.0858389045449578,0.45194578333857716,-1.245695110694275,0.9051372875292268,1.0046999564606094,-1.223609538755381,2.3111761447878045,-0.9767819017927332,-0.910150951776303,1.4524355782092822,-1.1683692841974365,1,1
-1.1495597834613727,-0.15830138281043613,-0.7183360959288612,0.45194578333857716,-1.035055088809936,0.4885310849747505,0.6231926019723388,0.06563943141677064,-0.4220750983326271,-0.9940847011112063,-0.42754369304857714,0.9439561646840917,-1.1747382716746486,1,0
-0.7048643960529536,-0.7238291645358987,-0.2796951865795054,0.6020882794831586,-0.9648417481818229,0.7128575017348535,1.125175963141116,0.22679555268828971,0.31380023635364285,-0.48365212121625106,-1.1733912747186992,0.32248132593108186,-1.2575351088784053,1,0
-0.7789802939543575,-0.6340628499763017,-0.2431417774670599,1.5029432563506473,-0.8244150669255969,-0.1203549033740998,0.4223992575048282,0.3073736133240493,0.5415711732803453,-1.270929490206775,-0.29592353157737905,0.2377347570102168,-1.2893800462644653,1,0
-1.1866177324120757,1.7626977487649442,0.04928549543251067,0.7522307756277401,-1.3861217919505011,-0.3126346891684738,-0.2803774481314601,0.4685297345955679,-0.4220750983326271,-1.0632958983850984,-0.7346574031480388,-0.05887823421281061,-0.5314705364762314,1,0
-0.17370046109289708,-0.8854085307431737,-0.17003495924216724,-0.4489091935289116,1.5628385144302461,-1.2580103026574787,-0.7823608093002373,-1.223609538755381,-1.1404295917168432,-0.414440923942359,-0.866277564619237,-1.8668050378579302,-0.37224584954593026,2,0
-0.14899516179242764,0.586759028034221,0.1223923136574033,0.1516607910494142,0.2989983831242116,-1.5944999277976328,-0.812479810970364,-0.9818753568481025,-1.333158846039438,0.14790005390801558,-0.954024338933369,-1.6831874718627227,-0.6906952234065328,2,0
-0.23546370934406516,-0.023651910971040354,0.1223923136574033,1.3528007602060659,-0.12228166064446655,-1.8348496600406003,-0.942995484874246,-0.7401411749408239,-1.333158846039438,0.2776710487965634,-1.3050114361898968,-1.7679340407835875,-0.595160411248352,2,0
-0.6060431988510825,-0.9841514767587308,-0.4259088230292907,-0.5990516896734931,-1.035055088809936,-0.47286784399711884,-1.4550185132663989,1.9189348260392383,-0.5972835113531677,0.1695285530561068,-0.910150951776303,-1.5560676184814253,-0.30855597477380975,2,0
-0.49486935199897775,0.11099756086835541,-0.6086758685915215,-0.29876669738433015,-0.4031350231569187,-1.0817538323459692,-1.3747011754793943,2.1606690079465167,-1.1404295917168432,0.8832690249431201,-0.997897726090435,-1.4571966214070826,-0.16525375653653862,2,0
-0.9272120897571632,2.1397162699152528,0.6341400412316518,0.45194578333857716,-0.7542017262974838,-1.4663134039347172,-1.56545485272353,1.3548884015889224,-1.3857213699456,-0.5225834196828154,-0.910150951776303,-1.8950538941648851,-0.08564141307138798,2,0
-0.5813378995506152,2.848870154936071,0.9996741323561149,1.653085752495229,-0.2627083419006926,-0.809357469137273,-1.4349391788196477,2.1606690079465167,-0.8600961308839783,-0.02512793927671512,-0.6030372416768413,-1.3018279117188303,-0.7384626294856231,2,0
0.6045164668718385,1.125356915391804,-0.6452292777039685,0.00151829490483276,-0.8244150669255969,-1.0817538323459692,-1.5554151855001543,1.7577787047677191,-1.2455546395291675,0.2776710487965634,-0.6469106288339068,-1.1182103457236228,-0.5314705364762314,2,0
-0.1984057603933643,0.5598291336663416,0.8900139050187752,1.3528007602060659,0.08835836123987255,0.03987825145454449,-1.4349391788196477,1.3548884015889224,-1.3682005286435457,-0.05973353791366126,-0.29592353157737905,-0.6521042166588654,-0.49962559909017124,2,0
-0.08723191354125955,0.4251796618269458,1.2189945870307928,0.45194578333857716,-0.2627083419006926,-1.209940356208885,-1.5353358510534032,1.3548884015889224,-1.4733255764558701,-0.19815593246144583,-0.822404177462171,-0.42611336620322526,-0.467780661704111,2,1
0.443932021418797,0.2007638754279527,-0.06037473190482748,0.1516607910494142,-0.7542017262974838,-1.4342667729689882,-1.5353358510534032,0.06563943141677064,-1.6660548307784646,0.23441405050038053,-1.1295178875616332,-0.20012251574758508,0.10542821124497352,2,1
0.6415744158225393,0.7483383942414957,1.2921014052556856,1.2026582640614845,-0.19249500127257957,-1.1939170407260207,-1.515256516606652,1.1131542196816437,-1.823742402496951,-0.3062984282019024,-0.29592353157737905,-0.7792240700401627,-0.722540160792593,2,0
0.7651009123248776,2.3461787934023266,-0.06037473190482748,0.1516607910494142,-0.5435617044131448,-0.47286784399711884,-1.2341458343521368,0.8714200377743652,-1.0002628613004108,-0.2846699290538108,-0.208176757263247,-0.7933484981936405,-0.6270053486344123,2,1
-0.9272120897571632,1.385679227614636,-0.6086758685915215,-0.29876669738433015,0.8607051081491158,-1.4663134039347172,-1.254225168798888,-0.5789850536693052,-0.7900127656757624,1.3634217060307479,-1.3488848233469628,-0.8639706389610278,0.3442652416404254,2,0
0.19687902841412025,1.1074036524798845,-0.7914429141537539,0.45194578333857716,0.15857170186798558,-1.274033618140343,-1.4851375149365253,0.5491077952313275,-0.5096793048428974,-0.4576979222385415,-1.5682517591322929,-1.3159523398723079,0.26465289817527476,2,0
1.0862698032309606,2.426968476505964,-0.4990156412541833,0.1516607910494142,-1.3861217919505011,-2.1072460232492967,-1.6959705266274119,0.3073736133240493,-1.5959714655702484,-0.06838493757289761,-1.6559985334464251,-1.81030732524402,-1.0569120033462256,2,0
-0.16134781144266347,2.040973323899696,0.4148195865569739,0.6020882794831586,-0.9648417481818229,-0.9535673084830535,-1.38474084270277,0.8714200377743652,-1.2805963221332757,1.121182515572125,-1.8314920820746887,-1.0617126331097126,-0.38816831823896036,2,0
0.0980578312122491,1.4036324905265556,-0.023821322792381968,0.6020882794831586,0.930918448777229,-1.4182434574861236,-0.6418054681729798,-0.17609475049050752,-0.7900127656757624,1.878179985755321,-1.6998719206034911,-1.81030732524402,-0.6270053486344123,2,0
0.6168691165220721,0.7034552369616972,0.9265673141312223,1.3528007602060659,1.6330518550583593,-1.4342667729689882,-0.46109145815221986,-1.1430314781196214,-0.5972835113531677,1.5321239993858595,-1.612125146289359,-1.8526806097044526,-0.7862300355647135,2,0
-0.26016900864453457,0.29950682144350954,0.4148195865569739,0.7522307756277401,0.8607051081491158,-1.3060802491060721,-0.6719244698431063,-0.9818753568481025,-0.5797626700511136,2.483777961901878,-2.094732405017085,-1.6125653310953352,-0.849919910336834,2,0
0.13511578016294998,-0.3916938006653891,1.4017616325930236,1.8032282486398103,1.141558470661568,-0.1524015343398288,-0.7522418076301107,-0.8207192355765833,-0.05413743098949211,0.8832690249431201,-1.5243783719752269,-1.81030732524402,-1.0250670659601653,2,1
0.28334757596575777,0.8650346031689721,-0.3162485956919525,-0.29876669738433015,-0.12228166064446655,-0.7933341536544085,-1.20402683268201,1.9995128866749978,0.4890086493741835,2.3626583666725662,-1.7437453077605567,-1.5560676184814253,-0.2289436313086591,2,1
-0.519574651299445,-0.9392683194789321,-0.9742099597159847,0.1516607910494142,0.2287850424960986,-1.3060802491060721,-1.4550185132663989,1.3548884015889224,-0.3344708918223571,1.0995540164240332,-1.6559985334464251,-1.4995699058675152,-0.34040091215987,2,0
0.20923167806435386,2.56161794834536,-0.17003495924216724,0.7522307756277401,-0.4733483637850317,-0.8894740465515955,-1.4048201771495212,1.9995128866749978,-0.07165827229154617,1.2293250113125815,-1.5682517591322929,-1.5984409029418578,-0.06971894437835786,2,0
1.0368592046300238,1.6011183825576696,0.04928549543251067,0.00151829490483276,-0.7542017262974838,-0.7933341536544085,-1.20402683268201,0.9519980984101246,-0.05413743098949211,1.7094776924002084,-1.6998719206034911,-1.3724500524862178,-0.849919910336834,2,0
-0.6801590967524864,0.6226655538580594,0.9996741323561149,2.253655737073555,-0.19249500127257957,-0.6331009988257639,-1.4550185132663989,2.1606690079465167,-0.7900127656757624,1.0562970181278508,-1.2611380490328308,-1.2453301991049202,0.423877585105576,2,0
1.654491687141718,-0.589179692696503,1.2189945870307928,1.653085752495229,-0.12228166064446655,0.8089973946320398,-0.722122805959984,1.3548884015889224,1.9432384774446696,3.435431924417896,-1.6998719206034911,-0.9204683515749378,-0.2767110373877495,2,0
0.5921638172216048,-0.5981563241524628,0.9996741323561149,0.9023732717723215,-0.7542017262974838,0.4885310849747505,-0.9329558176508704,1.2743103409531629,1.2248839840604535,2.8947194457156127,-1.6998719206034911,-1.1747080583375327,-0.40409078693199046,2,0
0.8515694598765152,0.829128077345133,0.6341400412316518,0.1516607910494142,0.5096384050085507,-0.745264207205815,-1.4750978477131498,1.1131542196816437,-1.3857213699456,0.35553364572969204,0.011190178522082662,-1.1182103457236228,-0.21302116261562898,2,0
-0.1860531107431307,0.838104708801093,0.780353677681437,0.7522307756277401,0.4394250643804377,-1.033683885897376,-1.4349391788196477,1.9189348260392383,-1.1053879091127352,0.2257626508411442,-0.38367030589151113,-0.7086019292727754,-0.5633154738622917,2,0
-0.0501739645905565,0.9996840750083682,-0.06037473190482748,-0.29876669738433015,0.4394250643804377,-1.4502900884518526,-1.3345425065858922,0.3073736133240493,-1.1404295917168432,0.09599165595259637,-1.2172646618757648,-1.2170813427979652,-0.2289436313086591,2,0
0.96274330672862,0.3802965045471469,-0.2431417774670599,0.7522307756277401,-0.6839883856693708,-1.5143833503833104,-1.3546218410326432,0.38795167395980834,-0.9827420199983568,1.9560425826884495,-1.1295178875616332,-1.3159523398723079,-0.4200132556250206,2,0
0.9009800584774519,1.816557537500703,-0.38935541391684514,0.9023732717723215,-0.8244150669255969,-1.6265465587633618,-1.56545485272353,1.2743103409531629,-0.7724919243737084,0.6756354331214436,-0.7785307903051049,-1.2170813427979652,-0.722540160792593,2,0
0.5551058682709018,1.2240998614073613,0.8534604959063297,1.052515767916903,0.7904917675210028,-0.9535673084830535,-1.1136698276716304,0.5491077952313275,-0.22934584401003275,2.4318695639464587,-0.47141708020564316,-1.4854454777140376,-0.16525375653653862,2,0
0.7156903137239432,0.2187171383398722,1.1824411779183457,1.5029432563506473,0.36921172375232464,-1.1939170407260207,-1.1939871654586347,0.22679555268828971,-0.08917911359360023,1.5580781983635694,-0.954024338933369,-1.1464592020305777,0.009893399086792766,2,0
0.49334262001973367,2.031996692443736,1.8038491328299324,1.653085752495229,0.8607051081491158,-0.5049144749628478,-1.073511158778128,-0.7401411749408239,-0.8425752895819242,1.4888670010896772,-1.2611380490328308,-0.9769660641888479,-0.37224584954593026,2,0
-0.9889753380083335,0.6226655538580594,-0.17003495924216724,-0.1486242012397487,-0.2627083419006926,-1.6746165052119553,-1.5453755182767788,0.3073736133240493,-1.5083672590599781,0.19115705220419807,-1.3050114361898968,-1.1040859175701452,-0.7543850981786533,2,0
-0.28487430794500185,0.048161140676637494,-0.3162485956919525,0.00151829490483276,-0.9648417481818229,-1.4502900884518526,-1.5252961838300276,0.9519980984101246,-1.6660548307784646,2.0944645446662506,-1.6998719206034911,-1.3865744806396954,-0.8817648477228942,2,0
1.4321439934375084,0.15588071814815388,0.4148195865569739,0.1516607910494142,-0.6137750450412578,-0.9856139394487825,-1.3345425065858922,0.6296858558670869,-0.6148043526552218,2.0079509806438685,-1.4805049848181608,-1.2735790554118753,-0.2767110373877495,2,0
0.8762747591769846,2.9745429953195073,0.3051593592196357,0.3018032871939957,-0.33292168252880566,-0.9856139394487825,-1.4248995115962724,1.2743103409531629,-0.9301794960921945,1.1428110147202162,-1.3927582105040288,-1.2312057709514428,-0.021951538299267485,2,0
0.33275817456669227,1.7447444858530252,-0.38935541391684514,0.1516607910494142,1.42241183317402,-1.1298237787945626,-1.3445821738092678,0.5491077952313275,-0.4220750983326271,2.2242359721247817,-1.612125146289359,-1.4854454777140376,0.28057536686830487,2,0
0.20923167806435386,0.22769376979583172,0.012732086320065162,0.1516607910494142,1.42241183317402,-1.033683885897376,-1.3546218410326432,1.3548884015889224,-0.22934584401003275,1.8349229874591386,-1.5682517591322929,-1.4006989087931725,0.296497835561335,2,0
1.3950860444868076,1.5831651196457497,1.3652082234805782,1.5029432563506473,-0.2627083419006926,-0.3927512665827967,-1.274304503245639,1.596622583496201,-0.4220750983326271,1.7916659891629554,-1.5243783719752269,-1.4289477651001277,-0.595160411248352,2,0
0.0857051815620155,-0.7507590589037779,-0.9742099597159847,-1.1996216742518189,-0.12228166064446655,0.1680647753174605,0.6131529347489635,-0.6595631143050643,-0.38703341572851896,-0.5874689171270893,0.9764046959775343,0.11061490362891951,0.8697067085104195,0,0
1.5062598913389122,1.4844221736301932,0.524479813894312,-1.8902771565168939,1.9841185581989245,1.1294637042893299,1.0147396236839852,-1.30418759939114,0.8569463167173185,0.01812905901946736,-0.29592353157737905,1.2970668685210291,0.041738336472853015,0,0
0.6909850144234759,-0.5622497983286238,-0.20658836835461275,-0.9894221796494052,1.211771811289681,1.369813436532297,1.2657313042683738,-0.17609475049050752,1.3124881905707233,0.46367614147014863,-0.03268320863498337,1.085200446218867,0.1531956173240639,0,0
1.1603857011323622,-0.5442965354167043,-0.35280200480439805,-0.6290801889024098,0.5798517456366638,0.9371839184949559,1.5167229848527624,-0.3372508717620266,0.8569463167173185,1.661894994274408,0.7131643730351391,0.6897164579214972,1.6339852057758655,0,0
0.9133327081276855,-0.5981563241524628,-0.4259088230292907,-0.9293651811915727,1.281985151917794,0.4885310849747505,0.8741842825567274,-1.223609538755381,0.05098761682283228,0.34255654624083715,-0.16430337010618098,0.8309607394562722,0.9970864580546606,0,0
0.13511578016294998,-1.1906140002458043,-2.4363463242138366,-1.3497641703964005,-1.5265484732067272,1.0974170733236008,1.155294964811243,-0.8207192355765833,1.2073631427583988,0.10464305561183271,0.7131643730351391,0.8027118831493172,-0.7798610480875015,1,0
0.6045164668718385,-0.6071329556084225,-0.46246223214173615,1.3528007602060659,-0.8946284075537099,-0.6651476297914929,-0.19002044312108013,-0.7401411749408239,-0.9827420199983568,-0.5701661178086163,0.09893695283621472,0.2377347570102168,-0.8753958602456822,1,1
0.060999882261548254,1.3677259647027165,-0.17003495924216724,0.9023732717723215,-1.035055088809936,-1.033683885897376,-0.4410121237054688,1.9995128866749978,0.05098761682283228,-0.11164193586908047,-0.5152904673627092,-0.8498462108075506,-0.7384626294856231,1,0
-1.4583760247172197,-0.553273166872664,-1.7783849601898036,0.00151829490483276,-0.9648417481818229,0.3282979301461055,-0.3908137875885912,0.06563943141677064,-0.299429209218249,-1.2968836891844846,-0.0765565957920494,-0.24249580020801795,-1.0569120033462256,1,0
-0.9272120897571632,-0.5442965354167043,-0.901103141491092,-0.1486242012397487,-1.3861217919505011,-1.033683885897376,0.0007332341230549406,0.06563943141677064,0.06850845812488596,-0.7172399120156373,0.18668372715034678,0.7885874549958394,-0.7543850981786533,1,0
-0.3466375561961699,-0.5263432725047849,-0.3162485956919525,0.9023732717723215,-1.105268429438049,-1.4663134039347172,-0.2703377809080846,0.9519980984101246,0.06850845812488596,-0.76049691031182,-0.3397969187344451,-0.270744656514973,-0.8244439604279857,1,0
-1.4583760247172197,-0.7776889532716572,-1.376297459952894,0.3918887848807448,-0.9648417481818229,-0.5049144749628478,-0.4309724564820932,-0.4984069930335457,-0.1066999548956543,-1.3444663873102856,-0.03268320863498337,1.0145783054514796,-0.8021525042577436,1,0
-1.4954339736679227,-0.1852312771783155,1.5114218599303617,2.7040832255072993,-0.5435617044131448,-0.2645647427198807,0.2115662458139418,1.7577787047677191,0.2962793950515888,-0.8902679052003678,0.05506356567914869,-0.24249580020801795,-0.8945028226773183,1,0
-0.37134285549663937,1.089450389567965,-0.023821322792381968,0.6020882794831586,0.4394250643804377,-0.9535673084830535,-0.8325591454171151,-1.5459217812984185,-1.3156380047373837,-0.02512793927671512,-0.7785307903051049,-1.8668050378579302,-0.467780661704111,2,0
0.3945214228178625,0.811174814433214,0.04928549543251067,0.6020882794831586,-0.5435617044131448,-0.5850310523771703,-1.274304503245639,0.7102639165028465,-0.5972835113531677,1.454261402452731,-1.7876186949176227,-1.4006989087931725,-0.30855597477380975,2,0
-0.7913329436045912,1.3407960703348376,0.04928549543251067,0.45194578333857716,-0.8244150669255969,0.007831620488815486,-1.1136698276716304,1.1131542196816437,-0.9652211786963026,1.121182515572125,-1.7437453077605567,-1.4571966214070826,-0.722540160792593,2,0
-0.22311105969383155,0.9278710233606904,-0.2431417774670599,0.00151829490483276,-0.8244150669255969,-1.3060802491060721,-1.3747011754793943,0.3073736133240493,-1.0878670678106812,2.2501901711024916,-1.0417711132475012,-1.2170813427979652,-0.19709869392259885,2,0
0.49334262001973367,1.4126091219825154,0.4148195865569739,1.052515767916903,0.15857170186798558,-0.7933341536544085,-1.2843441704690146,0.5491077952313275,-0.31695005052030306,0.9697830215354855,-1.1295178875616332,-1.4854454777140376,0.009893399086792766,2,0
